{
  "created_at_utc": "2026-03-08T14:14:07.749767+00:00",
  "n_businesses": 3896,
  "n_users_with_history": 48329,
  "n_user_profiles": 48329,
  "metrics": {
    "evaluated_users": 200.0,
    "precision@k": 0.0015000000000000002,
    "recall@k": 0.015,
    "ndcg@k": 0.010913030972429927,
    "coverage": 0.03978439425051335
  },
  "bundle_path": "artifacts/model_bundle.pkl"
}


